date,days,btc_price_usd_avg,hashrate_th_s_avg,fleet_efficiency_j_per_th,reward_btc_per_day_avg,fees_share_pct,R_M_usd_per_kwh,epsilon_btc_gwh,quality,source
2010-07,31,0.00,0.0,1000000.0,7200.31,0.00,0.000000,0.0000,low,backfill_v1
2010-08,31,0.03,0.0,1000000.0,7200.35,0.00,2.275916,0.0000,low,backfill_v1
2010-09,30,0.06,0.0,1000000.0,7200.07,0.00,2.587539,0.0000,low,backfill_v1
2010-10,31,0.11,0.0,1000000.0,7200.03,0.00,2.142498,0.0000,low,backfill_v1
2010-11,30,0.28,0.0,1000000.0,7200.17,0.00,1.738382,0.0000,low,backfill_v1
2010-12,31,0.25,0.1,1000000.0,7200.09,0.00,0.734693,0.0000,low,backfill_v1
2011-01,31,0.38,0.1,700000.0,7200.27,0.00,1.089612,0.0000,low,backfill_v1
2011-02,28,0.96,0.3,700000.0,7200.47,0.01,1.332804,0.0000,low,backfill_v1
2011-03,31,0.88,0.5,700000.0,7204.22,0.06,0.713025,0.0000,low,backfill_v1
2011-04,30,1.22,0.7,700000.0,7205.42,0.08,0.730746,0.0000,low,backfill_v1
2011-05,31,6.48,2.2,700000.0,7213.44,0.19,1.257031,0.0000,low,backfill_v1
2011-06,30,19.44,8.3,700000.0,7228.12,0.39,1.002577,0.0000,low,backfill_v1
2011-07,31,14.82,12.4,700000.0,7212.31,0.17,0.511509,0.0000,low,backfill_v1
2011-08,31,11.13,13.0,700000.0,7207.89,0.11,0.368095,0.0000,low,backfill_v1
2011-09,30,6.53,12.1,700000.0,7205.39,0.07,0.230937,0.0000,low,backfill_v1
2011-10,31,3.95,9.5,700000.0,7203.86,0.05,0.179040,0.0000,low,backfill_v1
2011-11,30,2.84,8.1,700000.0,7203.29,0.05,0.149334,0.0000,low,backfill_v1
2011-12,31,3.55,8.3,700000.0,7216.31,0.23,0.183101,0.0000,low,backfill_v1
2012-01,31,6.41,9.5,200000.0,7218.74,0.26,1.018107,0.0000,low,backfill_v1
2012-02,29,5.33,10.2,200000.0,7205.45,0.08,0.782309,0.0000,low,backfill_v1
2012-03,31,5.01,11.2,200000.0,7205.02,0.07,0.668754,0.0000,low,backfill_v1
2012-04,30,5.05,11.1,200000.0,7205.50,0.08,0.685479,0.0000,low,backfill_v1
2012-05,31,5.12,11.6,200000.0,7215.08,0.21,0.661543,0.0000,low,backfill_v1
2012-06,30,6.06,12.3,200000.0,7221.54,0.30,0.741957,0.0000,low,backfill_v1
2012-07,31,8.04,13.9,200000.0,7219.00,0.26,0.870188,0.0000,low,backfill_v1
2012-08,31,11.44,17.1,200000.0,7225.10,0.35,1.005083,0.0000,low,backfill_v1
2012-09,30,11.66,21.1,200000.0,7223.09,0.32,0.832279,0.0000,low,backfill_v1
2012-10,31,12.02,22.7,200000.0,7226.18,0.36,0.797189,0.0000,low,backfill_v1
2012-11,30,11.59,24.7,200000.0,6867.29,0.40,0.669627,0.0000,low,backfill_v1
2012-12,31,13.46,22.4,200000.0,3630.14,0.83,0.454264,0.0000,low,backfill_v1
2013-01,31,15.65,22.1,30000.0,3642.52,1.17,3.577538,0.0000,medium,backfill_v1
2013-02,28,25.83,28.0,30000.0,3650.58,1.39,4.671796,0.0000,medium,backfill_v1
2013-03,31,55.77,43.8,30000.0,3655.50,1.52,6.467298,0.0000,medium,backfill_v1
2013-04,30,129.01,67.3,8000.0,3653.15,1.45,36.452955,0.0000,medium,backfill_v1
2013-05,31,120.22,87.7,8000.0,3651.26,1.40,26.079300,0.0000,medium,backfill_v1
2013-06,30,108.93,145.0,8000.0,3641.70,1.15,14.255696,0.0000,medium,backfill_v1
2013-07,31,90.26,224.5,2500.0,3629.80,0.82,24.320812,0.0000,medium,backfill_v1
2013-08,31,107.03,455.5,2500.0,3643.73,1.20,14.273255,0.0000,medium,backfill_v1
2013-09,30,125.08,979.5,2500.0,3644.57,1.22,7.757970,0.0000,medium,backfill_v1
2013-10,31,154.29,2445.6,900.0,3635.11,0.97,10.619161,0.0000,medium,backfill_v1
2013-11,30,516.08,4643.5,900.0,3639.51,1.09,18.688858,0.0000,medium,backfill_v1
2013-12,31,803.14,8454.3,900.0,3615.97,0.44,15.905407,0.0001,medium,backfill_v1
2014-01,31,816.26,15190.7,800.0,3614.15,0.39,10.114984,0.0001,medium,backfill_v1
2014-02,28,670.23,24425.2,800.0,3614.14,0.39,5.165096,0.0001,medium,backfill_v1
2014-03,31,597.27,34834.8,800.0,3613.55,0.37,3.227019,0.0002,medium,backfill_v1
2014-04,30,463.50,53247.4,800.0,3613.26,0.37,1.638149,0.0003,medium,backfill_v1
2014-05,31,482.31,72229.7,800.0,3611.97,0.33,1.256179,0.0004,medium,backfill_v1
2014-06,30,612.72,106026.3,800.0,3610.96,0.30,1.086849,0.0006,medium,backfill_v1
2014-07,31,620.29,132135.9,800.0,3610.80,0.30,0.882824,0.0007,medium,backfill_v1
2014-08,31,540.22,173301.0,800.0,3612.00,0.33,0.586419,0.0009,medium,backfill_v1
2014-09,30,446.90,232529.3,800.0,3613.03,0.36,0.361654,0.0012,medium,backfill_v1
2014-10,31,365.83,262930.2,800.0,3612.43,0.34,0.261777,0.0014,medium,backfill_v1
2014-11,30,364.61,288575.4,800.0,3613.00,0.36,0.237757,0.0015,medium,backfill_v1
2014-12,31,343.90,287326.4,800.0,3613.27,0.37,0.225247,0.0015,medium,backfill_v1
2015-01,31,252.63,307269.8,500.0,3614.51,0.40,0.247645,0.0010,medium,backfill_v1
2015-02,28,233.33,329676.8,500.0,3613.77,0.38,0.213135,0.0011,medium,backfill_v1
2015-03,31,268.89,343595.6,500.0,3614.58,0.40,0.235726,0.0011,medium,backfill_v1
2015-04,30,235.34,341947.6,500.0,3618.78,0.52,0.207548,0.0011,medium,backfill_v1
2015-05,31,236.46,344306.7,500.0,3615.96,0.44,0.206948,0.0011,medium,backfill_v1
2015-06,30,236.32,354257.1,500.0,3618.94,0.52,0.201180,0.0012,medium,backfill_v1
2015-07,31,278.90,372456.8,500.0,3630.78,0.85,0.226566,0.0012,medium,backfill_v1
2015-08,31,252.74,391718.7,500.0,3625.18,0.69,0.194926,0.0013,medium,backfill_v1
2015-09,30,233.28,427630.7,500.0,3627.58,0.76,0.164907,0.0014,medium,backfill_v1
2015-10,31,262.82,445402.2,500.0,3626.67,0.74,0.178345,0.0015,medium,backfill_v1
2015-11,30,346.49,509663.6,500.0,3627.87,0.77,0.205545,0.0017,medium,backfill_v1
2015-12,31,422.44,684293.5,500.0,3634.24,0.94,0.186971,0.0023,medium,backfill_v1
2016-01,31,412.46,864238.8,200.0,3637.10,1.02,0.361603,0.0011,medium,backfill_v1
2016-02,29,400.52,1136043.0,200.0,3643.68,1.20,0.267626,0.0015,medium,backfill_v1
2016-03,31,415.77,1190572.7,200.0,3645.20,1.24,0.265213,0.0016,medium,backfill_v1
2016-04,30,433.00,1280972.9,200.0,3653.80,1.47,0.257350,0.0017,medium,backfill_v1
2016-05,31,458.04,1410188.7,200.0,3650.01,1.37,0.246992,0.0019,medium,backfill_v1
2016-06,30,636.45,1493211.2,200.0,3662.40,1.70,0.325289,0.0020,medium,backfill_v1
2016-07,31,662.13,1494486.8,200.0,2323.06,2.52,0.214964,0.0031,medium,backfill_v1
2016-08,31,578.78,1577254.2,200.0,1868.73,3.68,0.142864,0.0041,medium,backfill_v1
2016-09,30,602.89,1715527.6,200.0,1860.16,3.23,0.136192,0.0044,medium,backfill_v1
2016-10,31,637.30,1844949.2,200.0,1874.19,3.96,0.134886,0.0047,medium,backfill_v1
2016-11,30,722.21,1994712.8,200.0,1888.15,4.67,0.142437,0.0051,medium,backfill_v1
2016-12,31,816.91,2261902.3,200.0,1897.00,5.11,0.142716,0.0057,medium,backfill_v1
2017-01,31,910.67,2756968.6,100.0,1912.98,5.91,0.263377,0.0035,medium,backfill_v1
2017-02,28,1056.73,3225218.3,100.0,1960.77,8.20,0.267886,0.0039,medium,backfill_v1
2017-03,31,1130.24,3482165.6,100.0,2028.93,11.28,0.274590,0.0041,medium,backfill_v1
2017-04,30,1203.84,3770011.3,100.0,2012.41,10.56,0.267836,0.0045,medium,backfill_v1
2017-05,31,1845.51,4355559.5,100.0,2176.30,17.29,0.386692,0.0048,medium,backfill_v1
2017-06,30,2613.89,5067464.0,100.0,2217.89,18.84,0.476760,0.0055,medium,backfill_v1
2017-07,31,2496.39,6045437.1,100.0,2007.79,10.35,0.345232,0.0072,medium,backfill_v1
2017-08,31,3810.51,6336174.3,100.0,2072.58,13.15,0.523559,0.0073,medium,backfill_v1
2017-09,30,4098.41,7948461.9,100.0,1975.44,8.88,0.425444,0.0097,medium,backfill_v1
2017-10,31,5283.22,9326960.1,100.0,1976.02,8.91,0.467077,0.0113,medium,backfill_v1
2017-11,30,7653.44,9874711.2,100.0,2132.14,15.58,0.685156,0.0111,medium,backfill_v1
2017-12,31,14845.91,13430284.6,100.0,2416.76,25.52,1.123194,0.0133,medium,backfill_v1
2018-01,31,13038.71,17748914.8,70.0,2285.46,21.24,1.010131,0.0130,medium,backfill_v1
2018-02,28,9396.76,22213162.7,70.0,1889.08,4.72,0.474969,0.0198,medium,backfill_v1
2018-03,31,9107.57,24828135.0,70.0,1832.83,1.79,0.400348,0.0228,medium,backfill_v1
2018-04,30,7958.29,28387134.2,70.0,1833.07,1.80,0.306091,0.0260,medium,backfill_v1
2018-05,31,8484.08,31389294.7,70.0,1832.57,1.78,0.294871,0.0288,medium,backfill_v1
2018-06,30,6810.04,37377891.1,70.0,1834.77,1.90,0.198928,0.0342,medium,backfill_v1
2018-07,31,7089.22,39735959.5,70.0,1821.59,1.19,0.193459,0.0366,medium,backfill_v1
2018-08,31,6700.59,48670738.7,70.0,1822.40,1.23,0.149344,0.0449,medium,backfill_v1
2018-09,30,6603.38,51313472.1,70.0,1820.63,1.13,0.139463,0.0473,medium,backfill_v1
2018-10,31,6487.02,51294007.7,70.0,1817.59,0.97,0.136826,0.0474,medium,backfill_v1
2018-11,30,5486.05,44560388.7,70.0,1829.06,1.59,0.133912,0.0409,medium,backfill_v1
2018-12,31,3719.29,38349531.7,70.0,1822.56,1.24,0.105219,0.0353,medium,backfill_v1
2019-01,31,3690.99,41795543.4,50.0,1820.47,1.12,0.133971,0.0276,medium,backfill_v1
2019-02,28,3684.35,43753759.3,50.0,1826.76,1.46,0.128207,0.0287,medium,backfill_v1
2019-03,31,3942.50,44857189.6,50.0,1831.87,1.74,0.134174,0.0294,medium,backfill_v1
2019-04,30,5120.99,45837625.7,50.0,1889.49,4.74,0.175897,0.0291,medium,backfill_v1
2019-05,31,7182.94,50583871.4,50.0,1939.91,7.21,0.230398,0.0313,medium,backfill_v1
2019-06,30,9324.07,56172811.2,50.0,1923.54,6.42,0.266289,0.0350,medium,backfill_v1
2019-07,31,10674.01,66681315.6,50.0,1862.74,3.37,0.248565,0.0430,medium,backfill_v1
2019-08,31,10648.53,74470296.4,50.0,1843.18,2.34,0.219692,0.0485,medium,backfill_v1
2019-09,30,9835.23,88364731.5,50.0,1830.83,1.68,0.169811,0.0579,medium,backfill_v1
2019-10,31,8356.32,94973143.3,50.0,1828.85,1.58,0.134110,0.0623,medium,backfill_v1
2019-11,30,8389.16,91550463.6,50.0,1831.71,1.73,0.139888,0.0600,medium,backfill_v1
2019-12,31,7257.90,95372623.4,50.0,1820.43,1.12,0.115445,0.0629,medium,backfill_v1
2020-01,31,8299.39,109227664.3,40.0,1819.95,1.10,0.144057,0.0576,medium,backfill_v1
2020-02,29,9668.46,110430000.7,40.0,1825.66,1.41,0.166512,0.0581,medium,backfill_v1
2020-03,31,6943.32,106860986.7,40.0,1840.34,2.19,0.124378,0.0557,medium,backfill_v1
2020-04,30,7148.32,111378882.1,40.0,1827.14,1.49,0.122204,0.0585,medium,backfill_v1
2020-05,31,9232.09,105729742.7,40.0,1295.24,8.10,0.117714,0.0784,medium,backfill_v1
2020-06,30,9490.44,111608587.4,40.0,941.92,4.45,0.083454,0.1138,medium,backfill_v1
2020-07,31,9526.26,122209850.5,40.0,982.12,8.36,0.079960,0.1195,medium,backfill_v1
2020-08,31,11638.01,123695006.3,40.0,1008.81,10.79,0.098876,0.1177,medium,backfill_v1
2020-09,30,10674.68,135714690.1,40.0,982.43,8.39,0.080504,0.1326,medium,backfill_v1
2020-10,31,11796.37,131975112.7,40.0,1012.33,11.10,0.094617,0.1252,medium,backfill_v1
2020-11,30,16474.94,129011154.2,40.0,1014.75,11.31,0.134314,0.1221,medium,backfill_v1
2020-12,31,21688.17,136513660.6,40.0,998.58,9.87,0.165549,0.1312,medium,backfill_v1
2021-01,31,34630.80,149196971.7,30.0,1006.70,10.60,0.324880,0.1067,medium,backfill_v1
2021-02,28,45921.03,155100116.5,30.0,1043.19,13.73,0.429249,0.1070,medium,backfill_v1
2021-03,31,54450.96,159601624.8,30.0,998.37,9.85,0.472986,0.1151,medium,backfill_v1
2021-04,30,57126.37,157234579.4,30.0,1045.95,13.95,0.527093,0.1082,medium,backfill_v1
2021-05,31,47107.97,161245122.6,30.0,984.74,8.61,0.400015,0.1179,medium,backfill_v1
2021-06,30,35900.47,120098018.8,30.0,939.27,4.18,0.389952,0.0921,medium,backfill_v1
2021-07,31,34225.64,100355390.6,30.0,926.18,2.83,0.438673,0.0780,medium,backfill_v1
2021-08,31,45537.15,120709404.4,30.0,913.18,1.44,0.478445,0.0952,medium,backfill_v1
2021-09,30,46045.91,136607014.4,30.0,913.91,1.52,0.427887,0.1076,medium,backfill_v1
2021-10,31,57352.73,149109956.0,30.0,915.29,1.67,0.488952,0.1173,medium,backfill_v1
2021-11,30,60854.59,160886124.7,30.0,913.48,1.48,0.479946,0.1268,medium,backfill_v1
2021-12,31,49668.64,173191888.6,30.0,912.79,1.40,0.363609,0.1366,medium,backfill_v1
2022-01,31,41355.08,187537302.9,25.0,910.90,1.20,0.334780,0.1235,medium,backfill_v1
2022-02,28,40588.89,197750078.0,25.0,911.22,1.23,0.311748,0.1302,medium,backfill_v1
2022-03,31,41890.67,200788560.6,25.0,911.65,1.28,0.317029,0.1321,medium,backfill_v1
2022-04,30,41681.03,209052528.9,25.0,910.41,1.14,0.302546,0.1378,medium,backfill_v1
2022-05,31,31871.23,218665650.4,25.0,916.70,1.82,0.222639,0.1431,medium,backfill_v1
2022-06,30,24756.53,213562475.7,25.0,916.05,1.75,0.176933,0.1399,medium,backfill_v1
2022-07,31,21417.31,199946546.8,25.0,918.10,1.97,0.163897,0.1307,medium,backfill_v1
2022-08,31,22462.58,210615395.9,25.0,913.22,1.45,0.162348,0.1384,medium,backfill_v1
2022-09,30,19821.52,228316858.7,25.0,914.59,1.60,0.132334,0.1498,medium,backfill_v1
2022-10,31,19615.24,262442533.1,25.0,912.21,1.34,0.113638,0.1726,medium,backfill_v1
2022-11,30,17698.35,255260717.2,25.0,923.73,2.57,0.106696,0.1658,medium,backfill_v1
2022-12,31,16962.29,248429889.6,25.0,917.78,1.94,0.104440,0.1624,medium,backfill_v1
2023-01,31,20032.47,273452683.9,22.0,912.97,1.42,0.126689,0.1581,medium,backfill_v1
2023-02,28,23296.62,296943769.6,22.0,921.46,2.33,0.136908,0.1701,medium,backfill_v1
2023-03,31,24949.53,331518401.5,22.0,930.12,3.24,0.132592,0.1882,medium,backfill_v1
2023-04,30,28824.97,342490075.9,22.0,927.09,2.92,0.147779,0.1951,medium,backfill_v1
2023-05,31,27563.67,360796640.3,22.0,1046.39,13.99,0.151613,0.1821,medium,backfill_v1
2023-06,30,27652.38,369581672.8,22.0,946.54,4.92,0.134070,0.2062,medium,backfill_v1
2023-07,31,30095.85,378200715.3,22.0,920.60,2.24,0.138749,0.2169,medium,backfill_v1
2023-08,31,27960.31,386262794.1,22.0,919.80,2.15,0.126113,0.2217,medium,backfill_v1
2023-09,30,26272.63,407134984.6,22.0,933.41,3.58,0.114087,0.2303,medium,backfill_v1
2023-10,31,29506.82,443576825.7,22.0,922.74,2.46,0.116262,0.2538,medium,backfill_v1
2023-11,30,36496.01,473034865.4,22.0,1029.15,12.55,0.150473,0.2427,medium,backfill_v1
2023-12,31,42354.52,507231585.0,22.0,1155.28,22.10,0.182828,0.2318,medium,backfill_v1
2024-01,31,42905.00,521328535.0,21.0,1000.11,10.01,0.163395,0.2627,medium,backfill_v1
2024-02,29,49232.09,574948990.8,21.0,950.97,5.36,0.161369,0.3047,medium,backfill_v1
2024-03,31,67380.95,598545912.7,21.0,941.23,4.38,0.210188,0.3205,medium,backfill_v1
2024-04,30,66247.11,625347668.8,21.0,863.72,16.64,0.182142,0.3649,medium,backfill_v1
2024-05,31,65043.14,599394997.1,21.0,482.29,6.70,0.103806,0.6264,medium,backfill_v1
2024-06,30,66057.21,580422980.3,21.0,499.74,9.95,0.113185,0.5854,medium,backfill_v1
2024-07,31,62738.97,614470139.1,21.0,462.91,2.79,0.093756,0.6690,medium,backfill_v1
2024-08,31,60095.39,630871337.3,21.0,461.12,2.41,0.087163,0.6895,medium,backfill_v1
2024-09,30,60212.42,641432212.4,21.0,457.64,1.67,0.085241,0.7064,medium,backfill_v1
2024-10,31,65361.60,703575582.0,21.0,473.15,4.89,0.087251,0.7494,medium,backfill_v1
2024-11,30,85698.05,731119377.4,21.0,464.54,3.13,0.108137,0.7932,medium,backfill_v1
2024-12,31,98343.67,778452176.1,21.0,462.87,2.78,0.116036,0.8476,medium,backfill_v1
2025-01,31,99706.13,780850163.2,20.0,456.58,1.44,0.121458,0.8209,medium,backfill_v1
2025-02,28,95924.71,810191944.4,20.0,456.20,1.36,0.112516,0.8525,medium,backfill_v1
2025-03,31,85138.11,816732714.6,20.0,455.71,1.25,0.098971,0.8603,medium,backfill_v1
2025-04,30,86067.84,869548834.2,20.0,456.02,1.32,0.094040,0.9153,medium,backfill_v1
2025-05,31,103315.14,897114688.0,20.0,456.24,1.37,0.109469,0.9438,medium,backfill_v1
2025-06,30,105736.55,868214200.2,20.0,454.64,1.02,0.115354,0.9166,medium,backfill_v1
2025-07,31,115090.34,902131020.9,20.0,454.59,1.01,0.120825,0.9526,medium,backfill_v1
2025-08,31,115075.99,949401703.7,20.0,453.70,0.82,0.114569,1.0044,medium,backfill_v1
2025-09,30,112979.77,1034656889.6,20.0,454.04,0.89,0.103288,1.0938,medium,backfill_v1
2025-10,31,114217.87,1084621710.3,20.0,453.19,0.70,0.099429,1.1488,medium,backfill_v1
2025-11,27,96710.31,1078889057.1,20.0,453.02,0.67,0.084601,1.1431,medium,backfill_v1
2025-12,31,89010.16,1048467903.1,20.0,452.72,0.60,0.080072,1.1116,medium,backfill_v1
2026-01,31,90749.64,980992002.3,20.0,452.56,0.57,0.087221,1.0405,medium,backfill_v1
2026-02,28,69229.64,1016100175.9,20.0,452.86,0.63,0.064281,1.0770,medium,backfill_v1
2026-03,31,69447.34,980900622.9,20.0,452.54,0.56,0.066750,1.0404,medium,backfill_v1
2026-04,30,73476.72,958128509.1,20.0,452.46,0.54,0.072289,1.0164,medium,backfill_v1
2026-05,31,78066.47,987714181.2,20.0,452.87,0.63,0.074570,1.0469,medium,backfill_v1
2026-06,30,63502.69,921731675.0,20.0,453.30,0.73,0.065064,0.9760,medium,backfill_v1
2026-07,31,63723.94,899608882.8,20.0,453.04,0.67,0.066856,0.9531,medium,backfill_v1
2026-08,23,68300.43,915102830.7,20.0,453.14,0.69,0.070458,0.9694,medium_partial,backfill_v1
